Quantidade,Mês,Data,Turno,Local,Município,Bairro,Organização,Liderança_Nome,Liderança_Qualificação,Codinome_Liderança,Motivo,Classificação_Motivo,Quantidade_Participantes,Observações_Adicionais,Fonte,Número
1,Janeiro,2025-01-14 00:00:00,Dia Todo,SEDUC,ICOARACI,Parque Guajará,INDÍGENAS/SINTEPP,"Alessandra Korap, Beto Andrade, Silvia Letícia, Dada Borari, Auricélia Arapiuns",SDQ,SDQ,Revogação da Lei 10.820,Ato Político,Null,Prédio foi Ocupado. Dep Livia Duarte estava presente após inicio da ocupação,Fonte Aberta,1
2,Janeiro,2025-01-15 00:00:00,Manhã,SEDUC,ICOARACI,Parque Guajará,UNIDADE POPULAR,Madu Rudá,SDQ,SDQ,Revogação da Lei 10.820,Ato Político,Null,Simpatizantes da causa indígena e dos professores manifestaram apoio durante a ocuração na SEDUC.,Fonte Aberta,1
3,Janeiro,2025-01-15 00:00:00,Manhã/Tarde,BR-222 trecho entre Marabá e Bom Jesus do Tocantins,BOM JESUS DO TOCANTINS,Null,INDÍGENAS Etnia Gavião,Dorivan Karajá,Vereador de Marabá,SDQ,Revogação da Lei 10.820,Ato Político,32 Comunidades Assentamento Mãe Maria,Dois pontos de interdição: um próximo a Morada Nova em Marabá e outro próximo ao município de Bom Jesus do Tocantins. Desbloqueio às 15h,Observação Direta,1
4,Janeiro,2025-01-15 00:00:00,Dia Todo,SEDUC,ICOARACI,Parque Guajará,INDÍGENAS/SINTEPP,"Alessandra Korap, Beto Andrade, Silvia Letícia, Dada Borari, Auricélia Arapiuns",SDQ,SDQ,Revogação da Lei 10.820,Ato Político,Null,"Manutenção da ocupação do prédio da SEDUC, mais indígenas ocupam o prédio",Observação Direta,1
5,Janeiro,2025-01-16 00:00:00,Manhã,PRAÇA SÃO JOSÉ,CASTANHAL,Null,SINTEPP,Prof Tatiana Alves e Prof Joyce rebelo,SDQ,SDQ,Revogação da Lei 10.820,Ato Político,Null,Convocação de professores de Castanhal e região para reivindicação a favor do SOME.,Observação Direta,1
6,Janeiro,2025-01-16 00:00:00,Manhã,SINDICATO DOS BANCÁRIOS,BELÉM,REDUTO,SINTEPP,"Roberto Andrade,  Silvia Letícia e Miriam Sodré",Coordenadores do SINTEPP BELÉM,SDQ,Greve dos Professores Estaduais,Ato Político,Null,"Assembleia Rede Estadual de Ensino aprovou greve por unanimidade, com início em 23/01.",Fonte Aberta,1
7,Janeiro,2025-01-16 00:00:00,Manhã,Estação das Docas BELÉM,BELÉM,Campina,SINTEPP,"Roberto Andrade,  Silvia Letícia e Miriam Sodré",Coordenadores do SINTEPP BELÉM,SDQ,Greve dos Professores Estaduais,Ato Político,Null,Professores invadem o auditório da Estação das Docas para declarar a greve. Dep Livia Duarte estava presente.,Observação Direta,1
8,Janeiro,2025-01-16 00:00:00,Tarde,BR 163 km 83 - Belterra,BELTERRA,Null,"INDÍGENAS do Tapajós  Arapiuns, Borari, Munduruku",Cley Fernando Bilby Lemos,SDQ,SDQ,Revogação da Lei 10.820,Ato Político,50,Bloqueio da BR 163 a 70 km da área urbana de STM,Observação Direta,1
9,Janeiro,2025-01-16 00:00:00,Tarde,SEDUC,ICOARACI,Parque Guajará,INDÍGENAS,SDQ,SDQ,SDQ,Revogação da Lei 10.820,Ato Político,Null,4 ônibus com índios das Ilhas do Marajó chegam à SEDUC em apoio à manifestação,Observação Direta,1
10,Janeiro,2025-01-17 00:00:00,Noite,BR 163,SANTARÉM,Null,INDÍGENAS Etnia Tapajós Arapiuns,Cley Fernando Bilby Lemos,SDQ,SDQ,Revogação da Lei 10.820,Ato Político,Null,BR 163 é novamente bloqueada,Observação Direta,1
11,Janeiro,2025-01-17 00:00:00,Noite,SEDUC,ICOARACI,Parque Guajará,INDÍGENAS,"Alessandra Korap, Beto Andrade, Silvia Letícia, Dada Borari, Auricélia Arapiuns, Taigon Arapiuns, Patrick Borari",SDQ,SDQ,Revogação da Lei 10.820,Ato Político,Null,Reunião com o Secretário da Educação (Rossieli Soares),Observação Direta,1
12,Janeiro,2025-01-18 00:00:00,Tarde,(Local não informado),INDEFINIDO,Null,INDÍGENAS,SDQ,SDQ,SDQ,Revogação da Lei 10.820,Ato Político,Null,"Reunião fechada com PGE Ricardo Seffer, ex-senador Paulo Rocha, PGR Osvaldo Costa e promotora do estado Aleane. Sem acordo",Fonte Aberta,1
13,Janeiro,2025-01-21 00:00:00,Manhã,BR 163 km 922,BELTERRA,Null,INDÍGENAS kayapós e SINTEPP Regional do Oeste,Prof Heloise Rocha,SDQ,SDQ,Revogação da Lei 10.820,Ato Político,500,Obstrução da BR 163. Foi desobstruída as 17h,Observação Direta,1
14,Janeiro,2025-01-21 00:00:00,Manhã,ESCOLA MADRE IMACULADA,SANTARÉM,Null,SINTEPP,Williams Valentim e Aline Guimarães,coordenadores do SINTEPP ,SDQ,Revogação da Lei 10.820,Ato Político,100,Convocação para assembleia sindical. 08h,Observação Direta,1
15,Janeiro,2025-01-23 00:00:00,Noite,SEDUC,ICOARACI,Parque Guajará,PÚBLICO EM GERAL,SDQ,SDQ,SDQ,Ato de Vandalismo,Ato de Vandalismo,4 PESSOAS,Homens de capacete arrancaram as faixas dos indígenas,Fonte Aberta,1
16,Janeiro,2025-01-23 00:00:00,Manhã,SEDUC,ICOARACI,Parque Guajará,INDÍGENAS e  SINTEPP,"Alessandra Korap, Beto Andrade, Silvia Letícia, Dada Borari, Auricélia Arapiuns",SDQ,SDQ,Revogação da Lei 10.820,Ato Político,Null,"Caciques se recusaram a cumprir ordem da Justiça Federal para desocupar o prédio, pois não tinha destinatário.",Fonte Aberta,1
17,Janeiro,2025-01-23 00:00:00,Manhã,SEDUC,ICOARACI,Parque Guajará,SINTEPP E INDÍGENAS,"Alessandra Korap, Beto Andrade, Silvia Letícia, Dada Borari, Auricélia Arapiuns",SDQ,SDQ,Revogação da Lei 10.820,Ato Político,Null,Bloqueio da Av. Augusto Montenegro,Observação Direta,1
18,Janeiro,2025-01-23 00:00:00,Manhã,PGE,BELÉM,Batista Campos,SINTEPP,"Roberto Andrade,  Silvia Letícia e Miriam Sodré",SDQ,SDQ,Revogação da Lei 10.820,Ato Político,50,Professores vão ao Prédio da PGE para negociações,Observação Direta,1
19,Janeiro,2025-01-23 00:00:00,Tarde,ALEPA,BELÉM,Campina,PSOL,Marinor Brito,SDQ,SDQ,Reforma Administrativa Municipal,Ato Político,Null,PSOL convoca militância e os servidores públicos de BELÉM para sessão extraordinária da Câmara Municipal,Fonte Aberta,1
20,Janeiro,2025-01-24 00:00:00,Manhã,seduc,ICOARACI,Parque Guajará,INDÍGENAS,ALESSANDRA KORAP,SDQ,ALESSANDRA MUNDURUKUS,Revogação da Lei 10.820,Ato Político,Null,Indígenas da Etnia MUNDURUCUS chegam DE ônibus a SEDUC,Fonte Aberta,1
21,Janeiro,2025-01-24 00:00:00,Manhã,ESCOLA MÁRIO BARBOSA,BELÉM,Terra Firme,SINTEPP,ROBERTO ANDRADE,SDQ,Beto Andrade,Greve dos Professores Estaduais,Ato Político,Null,"Professores do SINTEPP tentam adentrar na DRE da Escola Mario Barbosa, mas são barrados.",Fonte Aberta,1
22,Janeiro,2025-01-24 00:00:00,Noite,SEDUC,ICOARACI,Parque Guajará,INDÍGENAS,SDQ,SDQ,SDQ,Revogação da Lei 10.820,Ato Político,Null,"Após pronunciamento oficial do Governador Helder Barbalho (que afirmou ter atendido as reivindicações), manifestantes reagem com ato simbólico.",Observação Direta,1
23,Janeiro,2025-01-25 00:00:00,Manhã/Tarde,BR 163,SANTARÉM,Null,INDÍGENAS,SDQ,SDQ,SDQ,Revogação da Lei 10.820,Ato Político,Null,Um ônibus com cerca de 20 pessoas saiu de Santarém com destino à BR 163 em apoio aos manifestantes,Observação Direta,1
24,Janeiro,2025-01-25 00:00:00,Tarde,SEDUC,ICOARACI,Parque Guajará,INDÍGENAS,SDQ,SDQ,SDQ,Revogação da Lei 10.820,Ato Político,Null,Um ônibus chegou com mais indígenas (povo Tembé). Declararam não ser o mesmo grupo do GT FEPIPA,Observação Direta,1
25,Janeiro,2025-01-26 00:00:00,Manhã,BR 163,SANTARÉM,Null,INDÍGENAS,SDQ,SDQ,SDQ,Revogação da Lei 10.820,Ato Político,Null,Um ônibus com cerca de 50 pessoas saiu de Santarém com destino à BR 163 em apoio aos manifestantes,Observação Direta,1
26,Janeiro,2025-01-27 00:00:00,Manhã/Tarde,ESCOLA PALMIRA GABRIEL,ICOARACI,TENONE,SINTEPP,"Roberto Andrade,  Silvia Letícia e Miriam Sodré",SDQ,SDQ,Greve dos Professores Estaduais,Ato Político,25 PESSOAS,Professores pedem a Revogação da Lei 10.820 e a Exoneração do Secretário Rossieli Soares,Observação Direta,1
27,Janeiro,2025-01-27 00:00:00,Manhã,DRE Marabá,MARABÁ,Null,SINTEPP Marabá,Prof Tatiana Alves e Prof Joyce rebelo,SDQ,SDQ,Revogação da Lei 10.820,Ato Politico,Null,Professores pedem a Revogação da Lei 10.820 e a Exoneração do Secretário Rossieli Soares,Fonte Aberta,1
28,Janeiro,2025-01-27 00:00:00,Manhã,ESCOLA POLIVALENTE DE ALTAMIRA,ALTAMIRA,Null,SINTEPP Altamira,Vitoriano Bill,SDQ,SDQ,Greve dos Professores Estaduais,Ato Político,Null,07h15. Professores pedem a Revogação da Lei 10.820 e a Exoneração do Secretário Rossieli Soares,Observação Direta,1
29,Janeiro,2025-01-27 00:00:00,Manhã,ESCOLA LUIZ NUNES DIREITO,ANANINDEUA,Null,SINTEPP Ananideua,Antonio Nascimento Seabra,SDQ,SDQ,Greve dos Professores Estaduais,Ato Político,Null,Professores pedem a Revogação da Lei 10.820 e a Exoneração do Secretário Rossieli Soares,Fonte Aberta,1
30,Janeiro,2025-01-16 00:00:00,Manhã,Sindicato dos Bancários,BELÉM,REDUTO,SINTEPP BELÉM,"Roberto Andrade,  Silvia Letícia e Miriam Sodré",SDQ,SDQ,Assembleia da Rede Estadual de Ensino,Ato Político,Null,Agendada para 9h,Fonte Aberta,1
31,Janeiro,2025-01-23 00:00:00,Manhã,SEDUC (BELÉM),ICOARACI,Parque Guajará,SINTEPP,"Roberto Andrade,  Silvia Letícia e Miriam Sodré",SDQ,SDQ,Ato na SEDUC (Greve da Educação Estadual),Ato Político (Greve),Null,Marcado para 8h,Fonte Aberta,1
32,Janeiro,2025-01-23 00:00:00,Tarde,ALEPA (BELÉM),BELÉM,Campina,SINTEPP,"Roberto Andrade,  Silvia Letícia e Miriam Sodré",SDQ,SDQ,Ato na ALEPA (Servidores públicos de BELÉM contra a reforma da prefeitura),Ato Político,Null,Marcado para 13h,Fonte Aberta,1
33,Janeiro,2025-01-24 00:00:00,Manhã,Parque dos Igarapés (BELÉM),BELÉM,Satélite,"MST, PT, PSOL",SDQ,SDQ,SDQ,Reunião da Coordenação Nacional do MST,Ato Político,Null,Ato a favor da reforma agrária em BELÉM. 10h,Fonte Aberta,1
34,Fevereiro,2025-02-05 00:00:00,Manhã,Altamira,ALTAMIRA, Rodovia Transamazônica próximo ao Buriti,SINTEPP ALTAMIRA,Vitoriano Bill,SDQ,SDQ,Revogação da Lei 10.820,Ato político,Null, Rodovia Transamazônica próximo ao Buriti em Altamira,Fonte Aberta,1
35,Fevereiro,2025-02-25 00:00:00,Manhã,IASP (BELÉM),BELÉM,REDUTO,SDQ,SDQ,SDQ,SDQ,Abertura da Campanha Salarial 2025,Reivindicações Salariais,Null,Horário previsto: 8h,Fonte Aberta,1
36,Fevereiro,2025-02-25 00:00:00,Noite,Posto Bom Jesus e Coarassi (BELÉM),BELÉM,Null,SDQ,SDQ,SDQ,SDQ,Reunião Geral da Tropa do Rolê,SDQ,Null,Horário previsto: 21h,Fonte Aberta,1
37,Fevereiro,2025-02-25 00:00:00,Tarde,"Rua Engenheiro Fernando Guilhom, bairro Cremação (BELÉM)",BELÉM,CREMAÇÃO,SDQ,SDQ,SDQ,SDQ,Inauguração do Batalhão Prisional da PMPA,SDQ,Null,Horário previsto: 16h,Fonte Aberta,1
38,Fevereiro,2025-02-26 00:00:00,Manhã,Praça do Barco (Abaetetuba),ABAETETUBA,Null,SDQ,SDQ,SDQ,SDQ,Ato em prol da saúde,Ato Político / Saúde,Null,Horário previsto: 8h30,Fonte Aberta,1
39,Fevereiro,2025-02-27 00:00:00,Não Definido,"Travessa Timbom (próx. Escola Sup. de Ed. Física, BELÉM)",BELÉM,Null,SDQ,SDQ,SDQ,SDQ,Primeiro Ato pelo Direito a Ter Direitos,SDQ,Null,Horário a definir,Fonte Aberta,1
40,Março,2025-03-08 00:00:00,Noite,"Casa da Mulher Brasileira, Vila Maguari (Ananindeua)",ANANINDEUA,Null,SDQ,SDQ,SDQ,SDQ,Mulheres nas ruas contra a violência e a fome,SDQ,Null,Evento previsto às 18h,Fonte Aberta,1
41,Março,2025-03-11 00:00:00,Tarde,Sede da Semobe (BELÉM),BELÉM,Null,SDQ,SDQ,SDQ,SDQ,Não ao aumento da passagem,SDQ,Null,Horário previsto: 14h30,Fonte Aberta,1
42,Março,2025-03-12 00:00:00,Manhã,"Casa Civil, Avenida Doutor Freitas nº 2531 (BELÉM)",ANANINDEUA,Null,"SINDSAUDE, SINDTRAN","Miriam Andrade, Denis Sampaio",SDQ,SDQ,Campanha Salarial da Saúde 2025,Reivindicações Salariais,Null,Horário previsto: 10h30,Fonte Aberta,1
43,Março,2025-03-15 00:00:00,Tarde,Sindicato dos Bancários (BELÉM),ICOARACI,Null,PT PARÁ (provável),SDQ,SDQ,SDQ,Aniversário do PT Pará – “O papel do PT e dos movimentos sociais na COP30 e no debate sobre a Amazônia”,Ato Político,Null,Horário previsto: 14h,Fonte Aberta,1
44,Março,2025-03-16 00:00:00,Não Definido,Porto da Foz do Rio Camará (Salvaterra),SALVATERRA,Camará,"ATRANSMAR, ASTAS, AMATAS",SDQ,SDQ,SDQ,Paralisação contra o aumento das passagens de balsas e lanchas,SDQ,Null,Sem horário definido,Fonte Aberta,1
45,Março,2025-03-20 00:00:00,Manhã,Em frente ao Primeiro Comar (BELÉM),BELÉM,Sousa,CESD,VINÍCIUS PRUDÊNCIO,SDQ,SDQ,Manifestação “Cestes Unidos”,SDQ,Null,Horário previsto: 7h30,Fonte Aberta,1
46,Março,2025-03-20 00:00:00,Tarde,Sindicato dos Trabalhadores da Construção Civil (BELÉM),ANANINDEUA,Null,Sindicato dos Trabalhadores da Construção Civil (BELÉM) - CINTEP,SDQ,SDQ,SDQ,Assembleia Geral do CINTEP,SDQ,Null,Horário previsto: 17h,Fonte Aberta,1
47,Março,2025-03-21 00:00:00,Manhã,Em frente ao Pedroso (BELÉM),BELÉM,Sousa,"Rebele-se, UESB, UBES",SDQ,SDQ,SDQ,Movimento “Rebele-se”,SDQ,Null,Horário previsto: 9h30,Fonte Aberta,1
48,Março,2025-03-25 00:00:00,Dia Todo,"Rodovia BR 230, KM 1103 - TRANSAMAZÔNICA",ITAITUBA,Null,INDÍGENAS,ALESSANDRA KORAP,SDQ,ALESSANDRA MUNDURUKUS,Protesto pela revogação da Lei 14.701/23,Ato Político,Null,Null,Observação Direta,1
49,Março,2025-03-26 00:00:00,Dia Todo,"Rodovia BR 230, KM 1103 - TRANSAMAZÔNICA",ITAITUBA,Null,INDÍGENAS,ALESSANDRA KORAP,SDQ,ALESSANDRA MUNDURUKUS,Protesto pela revogação da Lei 14.701/24,Ato Político,Null,Null,Observação Direta,1
50,Março,2025-03-27 00:00:00,Dia Todo,"Rodovia BR 230, KM 1103 - TRANSAMAZÔNICA",ITAITUBA,Null,INDÍGENAS,ALESSANDRA KORAP,SDQ,ALESSANDRA MUNDURUKUS,Protesto pela revogação da Lei 14.701/25,Ato Político,Null,Null,Observação Direta,1
51,Março,2025-03-28 00:00:00,Dia Todo,"Rodovia BR 230, KM 1103 - TRANSAMAZÔNICA",ITAITUBA,Null,INDÍGENAS,ALESSANDRA KORAP,SDQ,ALESSANDRA MUNDURUKUS,Protesto pela revogação da Lei 14.701/26,Ato Político,Null,Null,Observação Direta,1
52,Março,2025-03-28 00:00:00,Manhã,Semas (BELÉM),BELÉM,Marco,SDQ,SDQ,SDQ,SDQ,Manifestação “na Semas (Bosque)”,SDQ,Null,Horário previsto: 8h,Fonte Aberta,1
53,Março,2025-03-28 00:00:00,Manhã,Casa Civil (BELÉM),BELÉM,Null,"SINDSAUDE, SINDTRAN","Miriam Andrade, Denis Sampaio",SDQ,SDQ,Manifestação “SIM de Tran”,SDQ,Null,Horário previsto: 9h,Fonte Aberta,1
54,Março,2025-03-28 00:00:00,Tarde,"Avenida José Bonifacio, em frente à escola (BELÉM)",BELÉM,Guamá,SINTEPP,Silvia Letícia,SDQ,SDQ,Interdição de via “Escola Governador Zacarias de Assunção”,SDQ,Null,Horário previsto: 16h,Fonte Aberta,1
55,Março,2025-03-28 00:00:00,Noite,Portal da Amazônia (BELÉM),BELÉM,Jurunas,PÚBLICO EM GERAL,SDQ,SDQ,SDQ,"INTERDIÇÃO DE VIA, Moradores da Vila Martins sem água há 15 dias",SDQ,Null,Horário previsto: 18h,Fonte Aberta,1
56,Março,2025-03-28 00:00:00,Noite,BR 316 em frente ao Hospital Metropolitano (BELÉM),BELÉM,Guanabara,PÚBLICO EM GERAL,SDQ,SDQ,SDQ,Manifestação Motociclista para Atendimento Médico,SDQ,Null,"Obstrução parcial da BR-316, horário previsto: 18h30",Fonte Aberta,1
57,Março,2025-03-29 00:00:00,Dia Todo,"Rodovia BR 230, KM 1103 - TRANSAMAZÔNICA",ITAITUBA,Null,INDÍGENAS,ALESSANDRA KORAP,SDQ,ALESSANDRA MUNDURUKUS,Protesto pela revogação da Lei 14.701/23 MARCO TEMPORAL,Ato Político,Null,Contrários ao Marco Temporal,Fonte Aberta,1
58,Março,2025-03-29 00:00:00,Manhã,Praça da República (Em frente ao Teatro da Paz),BELÉM,Campina,PSOL,VIVI REIS,SDQ,ALESSANDRA MUNDURUKUS,Manifestação política,Marcha do Silêncio (Contra a Anistia),20,,Fonte Aberta,1
59,Março,2025-03-30 00:00:00,Dia Todo,"Rodovia BR 230, KM 1103 - TRANSAMAZÔNICA",ITAITUBA,Null,INDÍGENAS,ALESSANDRA KORAP,SDQ,ALESSANDRA MUNDURUKUS,Protesto pela revogação da Lei 14.701/23 MARCO TEMPORAL,Ato Político,Null,Contrários ao Marco Temporal,Fonte Aberta,1
60,Março,31/03/2025 - 01/04/2025,Dia Todo,"Angar / Havan (Av. Augusto Montenegro, Região Metropolitana)",ICOARACI,Null,Entregadores IFOOD,SDQ,SDQ,SDQ,Paralisação em BELÉM e Ananindeua – IFFOD,aumento no valor recebidos pelos trabalhadores,Null,"Ocorre de 31/03 a 01/04, horário previsto: 9h",Fonte Aberta,1
63,Abril,2025-04-01 00:00:00,Dia Todo,"Rodovia BR 230, KM 1103 - TRANSAMAZÔNICA",ITAITUBA,Null,indigenas,Alessandra Korap,SDQ,ALESSANDRA MUNDURUKUS,Protesto pela revogação da Lei 14.701/23 MARCO TEMPORAL,ato politico,Null,Contrários ao Marco Temporal,Fonte Aberta,1
62,Abril,2025-04-01 00:00:00,Manhã,Prefeitura de BELÉM,BELÉM,Campina,UNIDADE POPULAR,Madu Rudá,SDQ,,Ato contra o fim do Bora BELÉM,Ato Político,Null,horario previsto: 9h,Fonte Aberta,1
63,Abril,2025-04-02 00:00:00,Dia Todo,"Rodovia BR 230, KM 1103 - TRANSAMAZÔNICA",ITAITUBA,Null,indigenas,Alessandra Korap,SDQ,ALESSANDRA MUNDURUKUS,Protesto pela revogação da Lei 14.701/23 MARCO TEMPORAL,Ato Político,Null,Iniciaram o Bloqueio as 04h00. ,Observação Direta,1
64,Abril,2025-04-02 00:00:00,Manhã,Invasão do Saubal,SANTARÉM,Null,Moradores do Local,SDQ,SDQ,SDQ,Contrários a Reintegração de Posse.,Ato Político,100,"Iniciou ás 11h. A reintegração está prevista para os dias 08,09 e 10ABR25",Observação Direta,1
65,Abril,2025-04-03 00:00:00,Dia Todo,"Rodovia BR 230, KM 1103 - TRANSAMAZÔNICA",ITAITUBA,Null,"indígenas mundurukus, ",Alessandra Korap,SDQ,ALESSANDRA MUNDURUKUS,Protesto pela revogação da Lei 14.701/23 MARCO TEMPORAL,Ato Político,Null,Estão desde o dia 02/04 com  a via totalmente obstruída.,Observação Direta,1
66,Abril,2025-04-03 00:00:00,Dia Todo,Em frente a Delegacia Geral - BELÉM,BELÉM,Nazaré,"Sindelp, Sindpol, Adepol","Delegado Antonio Benone, Delegada Flávia Leal, Ednaldo Santos, Raimundo Pimentel",SDQ,"Delegada Flávia, Delegado Benone, ",,Ato Político,,Vão parar de funcionar as 08h o atendimento a população.,Observação Direta,1
67,Abril,2025-04-03 00:00:00,Manhã,Auditório do Detran Sede,BELÉM,Mangueirão,SINDTRAN,Denis Sampaio,Presidente do Sindicato,SDQ,Assembléia Geral do SINDTRAN,Ato Político,Null,"10h. Campanha salarial 2025, buscam melhores condições de trabalho.",Observação Direta,1
68,Abril,2025-04-03 00:00:00,Manhã,Em frente a Prefeitura de Santarém,BELÉM,Santarém,Moradores da Invasão do Saubal,SDQ,SDQ,SDQ,Contrários a Reintegração de Posse.,Ato Político,350,O Prefeito Zé Tapajós recebeu as lideranças. Após a reunião finalizou a manifestação.,Observação Direta,1
69,Abril,2025-04-03 00:00:00,Tarde,Cabeceira da Ponte Rodoferroviária na BR 222,MARABÁ,Null,Moradores do Res. Magalhães do Núcleo São Félix,SDQ,SDQ,SDQ,"Melhorias na Educação, saúde, energia e estradas.",Ato Político,Null,Interdição da via nos dois lados,Observação Direta,1
70,Abril,2025-04-04 00:00:00,Manhã,"Sede do Sindy Tifes, Av. Dalva Marambaia (BELÉM)",BELÉM,Marambaia,SINTEPP,"Roberto Andrade, Silvia Letícia e Miriam Sodré",SDQ,SDQ,Assembleia Geral da Rede Estadual de Educação,SDQ,Null,Horário previsto: 9h,Fonte Aberta,1
71,Abril,2025-04-04 00:00:00,Tarde,BR 230 (KM 1103 - Transamazônica),ITAITUBA,Null,INDÍGENAS (MUNDURUKU),Alessandra Korap,SDQ,SDQ,Revogação da Lei 14.701/23 (Marco Temporal),Ato Político,Null,Bloqueio iniciado às 06h30. PRF no local. Sem previsão de liberação.,Observação Direta,1
72,Abril,2025-04-04 00:00:00,Manhã,"SEPLAD (Travessa do Chaco, 2350)",BELÉM,MARCO,Candidatos PMPA/CBMPA,JOCLEITON PINHEIRO LIMA,SDQ,JOTA,Convocação integral dos aprovados nos concursos,Reivindicações Salariais,45 PESSOAS,Mobilização pacífica com carro de som (placa GZD-0918). Críticas à convocação parcial e falta de transparência. Viaturas do 1º BPM e CME presentes.,Fonte Aberta,1
73,Abril,2025-04-05 00:00:00,Manhã,BR 230 (KM 1103 - Transamazônica),ITAITUBA,Null,INDÍGENAS (MUNDURUKU),Alessandra Korap,SDQ,SDQ,Revogação da Lei 14.701/23 (Marco Temporal),Ato Político,Null,Bloqueio mantido desde 04/04. Tensão com caminhoneiros. Previsão de liberação parcial às 10h. PRF acompanha.,Observação Direta,1
74,Abril,2025-04-05 00:00:00,Tarde,3° BPM,SANTARÉM,Null,Candidatos PMPA/CBMPA,SDQ,SDQ,SDQ,Convocação integral dos aprovados nos concursos,Ato Político,Null,"Manifestantes exibem faixa ""EXIGIMOS RESPEITO"" e cartaz ""CONVOCAÇÃO DE TODOS"". Mobilização pacífica na calçada.",Observação Direta,1
75,Abril,2025-04-05 00:00:00,Tarde,BR 230 (KM 1103 - Transamazônica),ITAITUBA,Null,INDÍGENAS (MUNDURUKU),Alessandra Korap,SDQ,SDQ,Revogação da Lei 14.701/23 (Marco Temporal),Ato Político,Null,Via desobstruída às 10h. Sem previsão de novo bloqueio. PRF permanece.,Observação Direta,1
76,Abril,2025-04-06 00:00:00,Manhã,BR 230 (KM 1103 - Transamazônica),ITAITUBA,Null,INDÍGENAS (MUNDURUKU),Alessandra Korap,SDQ,SDQ,Revogação da Lei 14.701/23 (Marco Temporal),Ato Político,Null,Via liberada desde 05/04. PRF continua monitorando.,Observação Direta,1
77,Abril,2025-04-07 00:00:00,Manhã,Ministério Público (Av. Mendonça Furtado),SANTARÉM,Null,Candidatos PMPA/CBMPA,SDQ,SDQ,SDQ,Convocação integral dos aprovados nos concursos,Ato Político,15 PESSOAS,"Manifestação sob chuva. Faixas pedindo ""convocação em turma única"". Viaturas realizando rondas.",Observação Direta,1
78,Abril,2025-04-07 00:00:00,Manhã,"SEPLAD (Travessa do Chaco, 2350)",BELÉM,MARCO,Candidatos PMPA/CBMPA,JOCLEITON PINHEIRO LIMA,SDQ,JOTA,Convocação integral dos aprovados nos concursos,Reivindicações Salariais,20 PESSOAS,"Mobilização ""Turma Única"". Liderança de Jocleiton Lima. 3 viaturas do 1º BPM no local. Sem uso de carro de som.",Fonte Aberta,1
79,Abril,2025-04-07 00:00:00,Manhã,IFPA (Av. Almirante Barroso),BELÉM,MARCO,REBELDIA – PARÁ / DCE IFPA / DABEL,EDUARDO RODRIGUES,SDQ,SDQ,Denúncia de assédio sexual e moral no IFPA,Ato Político,50 PESSOAS,Manifestação estudantil com bloqueio parcial da Av. Almirante Barroso. Críticas à gestão do IFPA por casos de assédio. Viatura do 1º BPM presente.,Fonte Aberta,1
80,Abril,2025-04-07 00:00:00,Manhã,Casa Civil (BELÉM),BELÉM,SOUZA,ASSOCIAÇÃO DOS DELEGADOS (ADEPOL/PA),FLÁVIA (ADEPOL/PA),SDQ,SDQ,Reajuste salarial e melhores condições de trabalho,Reivindicações Salariais,Null,Mobilização pacífica de policiais civis. Liderança de Flávia (ADEPOL/PA). Exigência de diálogo com o governo estadual. Sem registros de distúrbios.,Fonte Aberta,1
81,Abril,2025-04-07 00:00:00,Tarde,Partage Shopping (Transamazônica),MARABÁ,Null,Candidatos PMPA/CBMPA,SDQ,SDQ,SDQ,Convocação integral dos aprovados nos concursos,Ato Político,50 PESSOAS,"Manifestação pacífica na margem da rodovia Transamazônica. Uso de carro de som e faixas. Manifestantes bloqueiam faixa de pedestres apenas durante o fechamento do semáforo, sem obstruir via. 3 viaturas da PM no local.",Observação Direta,1
82,Abril,2025-04-07 00:00:00,Noite,BR 230 (KM 1103 - Transamazônica),ITAITUBA,Null,INDÍGENAS (MUNDURUKU),SDQ,SDQ,SDQ,Revogação da Lei 14.701/23 (Marco Temporal),Ato Político,Null,Suspensão do bloqueio após agendamento de audiência com o Ministro Gilmar Mendes (STF) em 15/04. Via totalmente liberada. PRF permanece monitorando.,Observação Direta,1
83,Abril,2025-04-08 00:00:00,Manhã,Prefeitura de Ananindeua,ANANINDEUA,Null,SINTEPP (Subsede Ananindeua),"Antonio Nascimento Seabra, Gady Mabel",SDQ,SDQ,Valorização profissional e educação pública de qualidade,Greve,Null,"Paralisação geral convocada pelo SINTEPP. Mobilização para pressionar por melhores condições de trabalho e investimento em educação pública. Participação garantida por lei, conforme comunicado oficial.",Fonte Aberta,1
84,Abril,2025-04-08 00:00:00,Madrugada,Vila Camotin PA 151,ABAETETUBA,Zona Rural de Abaetetuba,Moradores,SDQ,SDQ,SDQ,,,,,Fonte Aberta,1
85,Abril,2025-04-09 00:00:00,Manhã,Casa Civil,BELÉM,SOUZA,FÓRUM ESTADUAL DOS SERVIDORES PÚBLICOS,SDQ,SDQ,SDQ,Reivindicações trabalhistas e melhores condições,Ato Político,40 PESSOAS,Manifestação pacífica com carro de som. 4 viaturas policiais e 1 do CME presentes. Sem distúrbios.,Observação Direta,1
86,Abril,2025-04-09 00:00:00,Manhã,SEPLAD,BELÉM,Marco,CANDIDATOS PM/BM,JOCLEITON PINHEIRO LIMA,SDQ,JOTA,Convocação integral dos aprovados nos concursos,Ato Político,20 PESSOAS,"Protesto com faixas, apitos e cartazes. 6 viaturas policiais e CME no local. Aparelho de som utilizado.",Observação Direta,1
87,Abril,2025-04-09 00:00:00,Manhã,Prefeitura de Ananindeua,ANANINDEUA,Centro,SINTEPP BELÉM e  Ananindeua,Beto Andrade e Antonio Nascimento Seabra,SDQ,SDQ,Melhorias salariais,Ato político,Null,marcada para 09h,Observação Direta,1
88,Abril,2025-04-10 00:00:00,Tarde,Praça do Jaú (Av. Sen. Lemos),BELÉM,Sacramenta,MOVIMENTO CONTRA AUMENTO DA TARIFA,"Unidade Popular, Rebele-se",SDQ,SDQ,Revogação do aumento da tarifa de ônibus,Ato Político,70 PESSOAS,3º ato contra o aumento da passagem. Localização e horário divulgados publicamente.,Fonte Aberta,1
89,Abril,2025-04-10 00:00:00,Tarde,SEPLAD (Doca),BELÉM,Null,ASSOCIAÇÃO DE PERITOS OFICIAIS DO PARÁ,SDQ,SDQ,SDQ,Reivindicações profissionais,Reivindicações Salariais,40 PESSOAS,Ato organizado pela associação de peritos. Horário previsto para 14h.,Fonte Aberta,1
90,Abril,2025-04-10 00:00:00,Dia Todo,"Curva do ""S"" (El Dourado)",ELDORADO DOS CARAJAS,Null,JUVENTUDE SEM TERRA,SDQ,SDQ,SDQ,Reforma agrária e políticas educacionais,Acampamento Pedagógico,Null,19º Acampamento Pedagógico da Juventude Sem Terra. Evento ocorrerá de 10 a 17/04.,Fonte Aberta,1
91,Abril,2025-04-10 00:00:00,Manhã,SEMED (Castanhal),CASTANHAL,Null,SINTEPP/CASTANHAL,Prof Aprígio Fernandes e Prof Dione Monteiro,Coordenadores do SINTEPP Castanhal,SDQ,Reivindicações trabalhistas e educacionais,Ato Político,80 PESSOAS,Protesto com carro de som. Presença de guarnição da PM. Foco em demandas do setor educacional.,Observação Direta,1
92,Abril,2025-04-11 00:00:00,Manhã,Sede da COSANPA (São Brás),BELÉM,SÃO BRAS,REBELDIA – PARÁ,SDQ,SDQ,SDQ,Oposição à privatização da COSANPA,Ato Político,Null,Protesto contra a venda da companhia de água. Críticas ao governador Helder Barbalho e à Lei 171/2023. Evento convocado para 8h.,Fonte Aberta,1
93,Abril,2025-04-11 00:00:00,Tarde,"Avenida Nazaré, nº 31",BELÉM,NAZARE,PSOL,LÍVIA DUARTE,SDQ,SDQ,Ato pela permanência da Casa da Linguagem,Ato Político,Null,Manifestação contra ato do prefeito Igor Normando de repassar o prédio pertencente à Casa da Linguagem para a SEMCULT (Secretaria da Cultura e Turismo).,Fonte Aberta,1
94,Abril,2025-04-12 00:00:00,Noite,Praça Central,BREVES,Null,CANDIDATOS PM/BM-PA,SDQ,SDQ,SDQ,Convocação integral dos aprovados nos concursos,Ato Político,20 PESSOAS,"Manifestação pacífica com caminhada no entorno da praça, sem obstruir o trânsito. Após divulgação da pauta à imprensa, manifestantes dispersaram. Policiamento ordinário presente durante o ato.",Observação Direta,1
95,Abril,2025-04-14 00:00:00,Manhã,Passagem Santa Luzia e Estrada do Arari (40 Horas),ANANINDEUA,Null,MORADORES DO BAIRRO 40 HORAS,SDQ,SDQ,SDQ,Reivindicação por melhorias na via (buracos causadores de acidentes),Obstrução de Via Pública,20 PESSOAS,"Bloqueio com pneus e madeira em chamas. Moradores protestam contra os buracos na passagem Santa Luzia, que causam acidentes. PMPA monitora o local para garantir ordem pública.",Observação Direta,1
96,Abril,2025-04-14 00:00:00,Noite,Casa Civil (BELÉM),BELÉM,SOUZA,CANDIDATOS PM/BM,JOCLEITON PINHEIRO LIMA,SDQ,JOTA,Convocação integral dos aprovados nos concursos,Ato Político,Null,,Fonte Aberta,1
97,Abril,2025-04-15 00:00:00,Manhã,Praça do Operário,BELÉM,Null,SDQ,SDQ,SDQ,SDQ,Protesto contra políticas públicas (Igor),Ato Político,Null,"Manifestação intitulada ""Igor Não Vai Ter Paz, Nenhum Centavo a Mais"". Motivação não detalhada, possivelmente relacionada a questões financeiras ou governamentais.",Fonte Aberta,1
98,Abril,2025-04-15 00:00:00,Manhã,Pra ça da República,BELÉM,Null,Partidos de Esquerda e Mov. Sociais,SDQ,SDQ,SDQ,Manifestação contra aumento da passagem de ônibus,Ato Político,75 pessoas,Ato contra o aumento da tarifa de ônibus feita pela SETRANSBEL; apoio de carro-som e distribuião de cartazes.,Observação Direta,1
99,Abril,2025-04-15 00:00:00,Manhã,"Curva do ""S"" (Eldorado)",ELDORADO DOS CARAJAS,Null,MST,SDQ,SDQ,SDQ,Ato do ABRIL VERMELHO.,Ato Político; Visibilidade.,Null,"Desde 01ABR2025 foi lançada pelo MST a jornada nacional de lutas em defesa da reforma agrária em todo Brasil, porém, a semana pedagógica começou no dia 10 de Abril e termina no dia 17ABR; agenda do ""Abril Vermelho""; atos em memória ao ocorrido em 17 de abril de 1996, denominado ""Massacre de Eldorado dos Carajás"".",NRI-MAB,1
100,Abril,2025-04-15 00:00:00,Manhã,Empresa BBF,MOJU,Null,Funcionários,SDQ,SDQ,SDQ,Reivindicações salariais.,Salários atrasados.,Null,"Trabalhadores protestam em frente à BBF (Brasil BioFuels) no Olho D’Água, em Moju, por salários e FGTS atrasados; sem interdição de vias. (https://www.instagram.com/share/BBvIro8-29)",Fonte Aberta,1
101,Abril,2025-04-16 00:00:00,Manhã,Portão C do DETRAN,BELÉM,Null,DETRAN,SDQ,SDQ,SDQ,Reivindicações institucionais,Assembleia Geral,Null,"Assembleia Geral do Departamento de Trânsito (DETRAN). Pauta não especificada, possivelmente relacionada a demandas internas ou políticas de trânsito.",Fonte Aberta,1
102,Abril,2025-04-17 00:00:00,Manhã,"Rod. PA-151, Vila Colônia Nova.",ABAETETUBA,Null,Moradores,SDQ,SDQ,SDQ,Atendimento hospitalar,SDQ,Null,"Por volta das 05:00h da manhã, Manifestantes interditaram a rodovia PA-151, mais precisamente na localidade da Colônia Nova; a motivação do ato é  por falta de leito para a internação de um paciente da localidade, que gerou um congestionamento aproximado de 10-km.",NRI-ABA,1
103,Abril,2025-04-17 00:00:00,Não Definido,Local não informado,BELÉM,Null,SINDESPP,SDQ,SDQ,SDQ,Reivindicações trabalhistas/salariais,Ameaça de Greve,Null,Audiência com sindicatos encerrada sem acordo. Servidores ameaçam greve caso demandas não sejam atendidas. Retorno marcado para 17/04.,Fonte Aberta,1
104,Abril,2025-04-17 00:00:00,Manhã,Casa Civil,BELÉM,SOUZA,FÓRUM DAS ENTIDADES,SDQ,SDQ,SDQ,Demandas coletivas de entidades organizadas,Ato Político,Null,Ato unificado de entidades para pressionar por respostas a reivindicações diversas. Local estratégico (Casa Civil) indica interlocução com o governo.,Fonte Aberta,1
105,Abril,2025-04-21 00:00:00,Manhã - Tarde,Alcindo Cacela - Quartel do CME,BELÉM,Cremação,Aprovados no concurso  PM-BM/PA,SDQ,SDQ,SDQ,Reivindicação de convocação de todos os candidatos aprovados.,Reivindicação de direitos,35 pessoas,"Possível protesto dos aprovados no concurso  PM-BM/PA durante Solenidade Militar, onde estará presente o Gov ou vice Gov do Estado.",Observação Direta,1
106,Abril,2025-04-21 00:00:00,Tarde,Av Dr. Freitas / Alm. Barroso - Casa Civil,BELÉM,SOUZA,Aprovados no concurso  PM-BM/PA,SDQ,SDQ,SDQ,Reivindicação de convocação de todos os candidatos aprovados.,Reivindicação de direitos,30 pessoas,"Manifestação dos aprovados no concurso  PM-BM/PA, porém avistou-se um número reduzido de possíveis candidatos no local, que não se manifestaram devido à forte chuva.",Observação Direta,1
107,Abril,2025-04-22 00:00:00,Manhã - Tarde - Noite,Núcleo Cidade Nova - INCRA,MARABÁ,Null,MST; CPDSAF,SDQ,SDQ,SDQ,Reivindicação de terras prometidas à Cooperativa,Acampamento MST e cooperativas.,30 pessoas,"Ocupação da parte externa da sede do INCRA de Marabá por integrantes da Cooperativa do Programa de Desenvolvimento e Sustentabilidade de Agricultura Familiar nas Regiões Sul, Sudeste e Sudoeste do Estado do Pará (CPDSAF), ligada ao MST.",NRI-MAB,1
108,Abril,2025-04-22 00:00:00,Tarde,Alcindo Cacela - Quartel do CME,BELÉM,Cremação,Aprovados no concurso  PM-BM/PA,SDQ,SDQ,SDQ,Reivindicação de convocação de todos os candidatos aprovados.,Reivindicação de direitos,30 pessoas,"Manifestação dos aprovados no concurso  PM-BM/PA durante a Solenidade Militar de 21ABR, onde estará presente o Gov ou vice Gov do Estado; manifestantes se deslocavam em pontos sensíveis da Solenidade (FUNSAU  e cruzamentos de vias) fins de despistar a segurança do evento e obter visibilidade das autoridades presentes.",Observação Direta,1
109,Abril,2025-04-22 00:00:00,Manhã,"Rod. PA-151, Vila Colônia Nova.",ABAETETUBA,Null,Moradores,SDQ,SDQ,SDQ,Atendimento hospitalar,SDQ,Null,"Por volta de 21h, manifestantes interditaram a rodovia PA-151, na Colônia Nova; falta de leito para a internação do paciente Renato Pinto Trindade, de Moju; estão se organizando para interditar a via na manhã de 23ABR, na PA-151, paciente está no Hospital Regional de Abaetetuba desde o dia 08ABR.",NRI-ABA,1
110,Abril,2025-04-22 00:00:00,Manhã,Rodovia Alça Viária,MARITUBA,Null,Moradores,SDQ,SDQ,SDQ,Reivindicação de asfalto e saneamento,Melhoria de infraestrutura,Null,"Oficial de dia 30° BPM,  BPRV e SEMUTRAN estiveram em verbalização com os manifestantes; a pauta é o não cumprimento por parte da prefeitura de Marituba,  de pavimentação asfáltica em ruas transversais da Alça Viária; CBM agiu e liberou a via.",BPRv; 30º BPM,1
111,Abril,2025-04-23 00:00:00,Manhã,Praça da República,BELÉM,Null,MOVIMENTO EM DEFESA DA ESCOLA PÚBLICA (partidos de Esquerda e Mov. Sociais),SDQ,SDQ,SDQ,Oposição a cortes orçamentários na educação,Paralisação Nacional,250 pessoas,"Greve nacional convocada para defender o financiamento da educação pública. Evento alinhado a mobilizações em outras regiões do país; Vereadora Vivi Reis )PSOL) presente no Ato; apoio de carro-som com deslocamento até a Doca; movimentos sociais presentes: Sintep, Sindfepa, Sindsaúde, Sinduepa, Sebup, Federação dos servidores públicos.",Observação Direta,1
112,Abril,2025-04-23 00:00:00,Manhã,BR-316 - sede da Prefeitura de Ananindeua,ANANINDEUA,Null,MOVIMENTO EM DEFESA DA ESCOLA PÚBLICA,SDQ,SDQ,SDQ,Oposição a cortes orçamentários na educação,Paralisação Nacional,70 pessoas,Greve nacional convocada para defender o financiamento da educação pública. Evento alinhado a mobilizações em outras regiões do país.,Of/Dia 29º BPM,1
113,Abril,2025-04-23 00:00:00,Noite,BBF - Tomé Açu,TOMÉ-AÇU,Null,SDQ,SDQ,SDQ,SDQ,Conflito Quilombolas-Índigenas e empresa BBF,Operação policial,60 pessoas,"O 48° BPM em Tomé-Açu, às 19h, desencadeou uma operação na área de conflito; foram presos 5 (cinco) pessoas ligadas a facções criminosas que atuam no município e também foram conduzidas para prestar esclarecimentos 50 (cinquenta) pessoas entre homens e mulheres; apreensão de armas de fogo, rádios comunicadores e outros objetos.",NRI-CAST,1
114,Abril,2025-04-23 00:00:00,Noite,"Praça da Igreja da Trindade, Campina",BELÉM,CAMPINA,Movimento em prol da Escala 6x1 (Mov. Sociais),SDQ,SDQ,SDQ,Escala trabahista 6x1,Ato Político,Null,"Os manifestantes dispersaram-se do local e seguiram em direção ao shopping Pátio BELÉM, que seguiram caminhando em direção à praça da república, depois dispersaram-se; novo ato público no dia 01MAIO, local e horário será divulgado posteriormente.",Observação Direta,1
115,Abril,2025-04-24 00:00:00,Tarde,CRM - bairro Nazaré - Av Generalíssimo Deodoro,BELÉM,NAZARE,Movimento LGBTQIA+,SDQ,SDQ,SDQ,Defesa de Direitos,Reivindicação de direitos,35 pessoas,"Ato em defesa da juventude Trans e Travesti (revogação da Resol. 2.427/2025, CFM)",Observação Direta,1
116,Abril,2025-04-28 00:00:00,Manhã,"Porto da Palha, Av. Bernardo Sayão",BELÉM,Condor,Feirantes do bairro,SDQ,SDQ,SDQ,Protesto — Reivindicação de direitos,Reivindicação de direitos,30 pessoas,"Feirantes protestaram sobre as más condições do porto da palha, reivindicando manutenção e reforma do local.",Observação Direta,1
117,Abril,2025-04-28 00:00:00,Manhã,SEMAS (BELÉM/PA),BELÉM,MARCO,INDÍGENAS (Turiwara e Tembé),Paulo Portilho,Cacique Turiwara,SDQ,Protesto contra impactos ambientais em Tomé-Açu,Ato Político,250,"Indígenas da etnia Turiwara saíram de Tomé-açu e ocuparam pacificamente a sede da SEMAS em BELÉM. Acabou dia 02/05, após a mineradora ARTHEMYS se comprometer em fazer Estudos Ambientais junto a SEMAS e Indígenas.",Observação Direta,1
118,Abril,2025-04-28 00:00:00,Manhã,SEDUC (BELÉM/PA),ICOARACI,Parque Guajará,GAVIÕES DE MARABÁ,SDQ,SDQ,SDQ,Reunião com Diretoria de Ensino Indígena,Ato Político,12,Entrada autorizada pela Coordenadora do Ensino Indígena. Aguardam mais participantes.,Observação Direta,1
119,Abril,2025-04-28 00:00:00,Tarde,Casa dos Conselhos (Cidade Nova),MARABÁ,CIDADE NOVA,SINTEPP Marabá,Prof Tatiana Alves e Prof Joyce rebelo,Coordenadores do SINTEPP Marabá,SDQ,Reunião com prefeito Tony Cunha,Ato Político,Null,Discussão sobre pautas salariais e educacionais.,Observação Direta,1
120,Abril,2025-04-29 00:00:00,Manhã,SEMAS (BELÉM/PA),BELÉM,MARCO,INDÍGENAS (Turiwara),Paulo Portilho,Cacique Turiwara,SDQ,Manutenção da ocupação após reunião sem avanços,Ato Político,250,Barracas montadas na calçada. Nova reunião agendada.,Observação Direta,1
121,Abril,2025-04-29 00:00:00,Manhã,PA-252 (Ipixuna),IPIXUNA,Null,MORADORES,SDQ,SDQ,SDQ,Falta de leito hospitalar para recém-nascido,Ato Político / Saúde,Null,Bloqueio com troncos de árvores. Via liberada após transferência do paciente para BELÉM.,Observação Direta,1
122,Abril,2025-04-29 00:00:00,Tarde,PA-151 (Colônia Nova),ABAETETUBA,Null,MORADORES,SDQ,SDQ,SDQ,Bloqueio por criança com pneumonia,Ato Político / Saúde,Null,Interdição com madeira e cartazes. Policiamento do 31º BPM presente.,Observação Direta,1
123,Abril,2025-04-30 00:00:00,Manhã,Sede da FUNPAPA,BELÉM,Null,Servidores da FUNPAPA,SDQ,SDQ,SDQ,Paralisação — Reivindicação de direitos,Reivindicação de direitos,Null,Paralisação e Ato dos Servidores da FUNPAPA.,Fonte Aberta,1
124,Abril,2025-04-30 00:00:00,Manhã,Praça Matriz de São José,CASTANHAL,Null,UNIDADE POPULAR,SDQ,SDQ,SDQ,Protesto por direitos sociais,Ato Político,5,Ato pacífico com carro de som.,Observação Direta,1
125,Abril,2025-04-30 00:00:00,Tarde,Praça Matriz de São José,CASTANHAL,Null,SINTEPP,Prof Aprígio Fernandes e Prof Dione Monteiro,Coordenadores do SINTEPP  Castanhal,SDQ,Assembleia sindical,Ato Político,60,Discussão sobre pautas salariais e convocação de comissão para reunião com a prefeitura.,Observação Direta,1
126,Maio,2025-05-01 00:00:00,Null,Shopping Castanheira,BELÉM,Null,UNIDADE POPULAR,Madu Rudá,SDQ,SDQ,Escala trabalhista 6x1 — Protesto,Ato Político,30 pessoas,Protesto pela escala trabalhista 6x1 ,Fonte Aberta,1
127,Maio,2025-05-01 00:00:00,Manhã,Praça do Operário,BELÉM,Null,SINTEPP,Beto Andrade,Coordenador do SINTEPP,SDQ,Revogação da Lei 10.820 e exoneração de secretário,Ato Político (Greve),15,Presença de carro de som e 4 viaturas policiais.,Observação Direta,1
128,Maio,2025-05-01 00:00:00,Manhã,Mangueirão (BELÉM),BELÉM,Null,ACAEP - CAMINHONEIROS,Elinaldo Garcia,Presidente da Associação,SDQ,Carreata pela paz e segurança no transito,Ato Político,20 (10 caminhões),Carreata até Ananindeua.,Observação Direta,1
129,Maio,2025-05-01 00:00:00,Noite,PA-370 (Chapadão),URUARA,CHAPADAO,MORADORES,Deputado Eraldo Pimenta,SDQ,SDQ,Protesto contra fiscalização do IBAMA,Ato Político,Null,Bloqueio recorrente com pneus e madeira. Via liberada às 20h20.,Observação Direta,1
130,Maio,2025-05-02 00:00:00,Manhã,SEMAS (BELÉM/PA),BELÉM,MARCO,INDÍGENAS (Turiwara),Paulo Portilho,Cacique Turiwara,SDQ,Acordo entre indígenas e governo,Ato Político,250,Desocupação após anúncio de acordo. Presença da Deputada Lívia Duarte.,Observação Direta,1
131,Maio,2025-05-02 00:00:00,Manhã,km 40 da BR-222 (Aldeia Krikateje),BOM JESUS DO TOCANTINS,Null,INDÍGENAS povo Gavião,SDQ,SDQ,SDQ,Protesto para fornecimento de Energia elétrica para a comunidade indigena,Ato Político,100,Interdição da BR-222. Equipe da Equatorial presente para negociações.,Observação Direta,1
132,Maio,2025-05-05 00:00:00,Madrugada,PA-370 (Chapadão),URUARA,Null,MORADORES,Deputado Eraldo Pimenta,SDQ,SDQ,Bloqueio contra ações do IBAMA,Ato Político,Null,Via interditada com pneus e madeira. Presença da PM.,Observação Direta,1
133,Maio,2025-05-05 00:00:00,Tarde,Avenida Júlio César,BELÉM,Marancangalha,MORADORES,SDQ,SDQ,SDQ,Falta de energia elétrica,Ato Político,Null,Incêndio na via. Via liberada após acordo com Equatorial Energia.,Observação Direta,1
134,Maio,2025-05-06 00:00:00,Manhã,Havan (Av. Augusto Montenegro),ICOARACI,Mangueirão,MOTOCICLISTAS,SDQ,SDQ,SDQ,Protesto contra blitz municipais,Ato Político,30,Deslocamento pelas vias de BELÉM. Presença de viaturas do CPC II.,Observação Direta,1
135,Maio,2025-05-08 00:00:00,Manhã,SEFA (Av. Doca de Souza Franco),BELÉM,CAMPINA,SERVIDORES DA FASEPA,Evandro e José Moura,Coordenadores do SINDSESPPA,SDQ,Reivindicação salarial,Reivindicações Salariais,12,Planejamento de ocupação da sede da FASEPA,Observação Direta,1
136,Maio,2025-05-09 00:00:00,Manhã,SEOP (Tv. Chaco),BELÉM,MARCO,SEPUB,SDQ,SDQ,SDQ,Plano de Carreira e PCCR,Reivindicações Salariais,20,Presença de 5 viaturas policiais e carro de som.,Observação Direta,1
137,Maio,2025-05-09 00:00:00,Tarde,SEFA (Doca),BELÉM,CAMPINA,SERVIDORES ESTADUAIS,Alexandre (UEPA),SDQ,SDQ,Reivindicação salarial e condições de trabalho,Reivindicações Salariais,100,Via interditada intermitentemente. Princípio de confusão com transeuntes.,Observação Direta,1
138,Maio,2025-05-12 00:00:00,Manhã,Casa Civil (BELÉM),BELÉM,SOUZA,SINTEPP,Beto Andrade,Coordenador do SINTEPP,SDQ,Paralisação estadual da educação,Greve,200,Montagem de tendas. Comissão será recebida pelo governo.,Observação Direta,1
139,Maio,2025-05-12 00:00:00,Manhã,Em frente à FASEPA,BELÉM,Null,Servidores da FASEPA,Evandro e José Moura,Coordenadores do SINDSESPPA,SDQ,Reestruturação e PPCR da categoria,Ato Político,10 pessoas,Buscam melhorias salariais.,Observação Direta,1
140,Maio,2025-05-12 00:00:00,Tarde,DRE/Santarém,SANTARÉM,Null,SINTEPP,Williams Valentim e Aline Guimarães,Coordenadores do SINTEPP  Santarém,SDQ,Assembleia por pautas salariais,Ato Político,100 pessoas,Discussão sobre piso do magistério e concursos públicos.,Observação Direta,1
141,Maio,2025-05-13 00:00:00,Tarde,FASEPA,BELÉM,Null,SERVIDORES DA FASEPA,Evandro e José Moura,Coordenadores do SINDSESPPA,SDQ,Reestruturação e PPCR da categoria,Reivindicações Salariais,10,Reunião agendada para 15/05 com a direção do órgão.,Observação Direta,1
142,Maio,2025-05-13 00:00:00,Noite,Praça Matriz de São José,CASTANHAL,Null,SINTEPP,Prof Aprígio Fernandes e Prof Dione Monteiro,Coordenadores do SINTEPP  Castanhal,SDQ,Cobrança de direitos docentes,Ato Político,Null,Ato popular com divulgação em redes sociais.,Observação Direta,1
143,Maio,2025-05-14 00:00:00,Manhã/Tarde,Av. Doutor Freitas (frente ao Palácio Estadual),BELÉM,SOUZA,Sindicato dos Servidores do Estado (SSE),SDQ,SDQ,SDQ,Decreto de greve geral e reivindicações trabalhistas,Ato Político,Null,Greve geral decretada. Reuniões agendadas: 15/05 (SINDSAÚDE) e 21/05 (SEFAZ/Casa Civil).,Observação Direta,1
144,Maio,2025-05-14 00:00:00,Tarde,Rodovia do Tapanã,ICOARACI,TAPANA,PÚBLICO EM GERAL,SDQ,SDQ,SDQ,Alagamento de casas após chuva; exigência de presença da imprensa,Obstrução de Via,Null,"Via bloqueada das 16h30 às 18h48. CBM e 24º BPM (VTRs 2403, 2419, 2406) presentes.",Observação Direta,1
145,Maio,2025-05-15 00:00:00,Manhã,PA-409 (Residencial Green Groove),ABAETETUBA,Null,PÚBLICO EM GERAL,SDQ,SDQ,SDQ,Reivindicação de leito para paciente,Atendimento hospitalar,Null,Via interditada das 05h30 às 09h30. Liberação pontual para motos e pedestres durante o protesto.,Observação Direta,1
146,Maio,2025-05-16 00:00:00,Tarde,Av. 16 de Novembro e Av. Portugal,BELÉM,CIDADE VELHA,SINTEPP,Silvia Letícia,SDQ,SDQ,Reajuste salarial e pautas trabalhistas,Ato Político,200,Comissão de 6 integrantes recebida pelo Assessor do Prefeito. Reunião agendada para 21/05. ,Observação Direta,1
147,Maio,2025-05-18 00:00:00,Manhã,BR-316 - em frente entrada Benfica,MARITUBA,BENFICA,Moradores Riacho Doce,SDQ,SDQ,SDQ,Infraestrutura na Comunidade Canaã,Melhoria de infraestrutura,70,"Moradores interditaram a Rod BR-316, cobrando melhorias na comunidade Canaã; VTRs do 21º BPM, ROTAM e BTL Águia/CPRM realizaram a mediação e desobstrução da via.",Of/Dia 21º BPM / ROTAM,1
148,Maio,2025-05-19 00:00:00,Manhã,"Escadinha, Presid. Vargas",BELÉM,Campina,Movimento LGBTQIA+,SDQ,SDQ,SDQ,Defesa de Direitos,Reivindicação de direitos,60,ATO “DIGA NÃO LGBTFOBIA” em razão do dia 17 de maio — Dia Internacional de Combate à LGBTfobia.,Observação Direta,1
149,Maio,2025-05-19 00:00:00,Manhã,BR-316 - Terminal de Obras do BRT Metropolitano,ANANINDEUA,Null,Funcionários,SDQ,SDQ,SDQ,Infraestrutura na Comunidade Canaã,Salários atrasados.,Null,"Manifestantes alegam atraso salarial de três meses, vinculando a situação à suposta substituição da empresa MARQUIZE INFRAESTRUTURA pelo Consórcio AMETA-OCC; sem obstrução de via com VTRs da PM no local.",Observação Direta,1
150,Maio,2025-05-20 00:00:00,Manhã,ALEPA,BELÉM,Campina,SINDCIPP,SDQ,SDQ,SDQ,Defesa de Direitos,Reivindicação de direitos,100,"Ato do SINDCIPP-PA (Sindicato dos Trabalhadores Condutores de Transporte Intermunicipal de Passageiros em Veículo de Pequeno Porte do Estado do Pará); Uma comissão de representantes do sindicato foi recebida nas dependências da ALEPA para diálogo com membros do legislativo; sem obstrução de vias; VTRs do CME e Policiamento ordinário no local; presentes associações e cooperativas de taxistas de diversos municípios do Estado, como:
Castanhal, Igarapé-Açu, Capanema, São Francisco do Pará, Salinópolis, Santo Antônio do Tauá, Ulianópolis e Ipixuna do Pará; O sindicato conta com o apoio do Dep. Estadual Fábio Figueiras.
",Observação Direta,1
151,Maio,2025-05-20 00:00:00,Manhã,BR-230 - Km 08 (Vila São José),MARABÁ,Null,TAXISTAS DE ITUPIRANGA-PA,SDQ,Associação dos Taxistas de Itupiranga-PA,SDQ,Defesa de Direitos,Reivindicação de direitos,Null,"A obstrução da Rod. BR-230, sentido Marabá-Itupiranga é realizada por parte dos taxistas de lotação do município de Itupiranga, que protestam pela regulamentação e cumprimento da Lei Estadual nº 8.027 e do Decreto nº 1.154, dispositivos que tratam da atividade de táxi-lotação no estado; PRF e PM no local.",NRI-MAB,1
152,Maio,2025-05-20 00:00:00,Noite,Av. Cláudio Sanders,ANANINDEUA,Guajará II,Moradores,SDQ,Familiares,SDQ,Cobrança de salvamento pelo CBM,reivindicação de busca e salvamento,Null,"Manifestação na Av. Cláudio Sanders, esquina com a Rua Cajuí, onde os manifestantes teriam obstruído a Av. Cláudio Sanders e a Rua Cajuí, e exigiam a presença do Corpo de Bombeiros para que fizessem buscas por uma criança de 04 anos que teria caído num canal, na Rua Oito, Guajará II, e ainda estaria desaparecida; VTRs do 29º BPM no local até a chegada do CBM que iniciaram as buscas, sendo encontrada a vítima no dia 22MAIO.",Observação Direta,1
153,Maio,2025-05-21 00:00:00,Manhã,Av. Doutor Freitas (Palácio Estadual),BELÉM,SOUZA,Sindicato dos Servidores do Estado (SSE),SDQ,SDQ,SDQ,Decreto de greve geral e reivindicações trabalhistas,Ato Político,Null,"Continuidade de reuniões agendadas dos servidores Estaduais, com logísticas de tendas, carro som, entre outros; comissão de 4 pessoas foram recebidas; 05  VTRs CME, 04 de Área e Cmte 1° BPM; a AIC segue monitorando os dados em fontes abertas.",Observação Direta,1
154,Maio,2025-05-21 00:00:00,Manhã,SEPLAD - Trav. Chaco,BELÉM,Marco,SERVIDORES DA FASEPA,Evandro e José Moura,Coordenadores do SINDSESPPA,SDQ,Reestruturação e PPCR da categoria,Reivindicações Salariais,20,"Após término da reunião, os manifestantes realizaram votação e marcaram nova manifestação dia 28MAIO (quarta-feira), às 09h, em frente a SEPLAD, e deram por encerrado o ato; VTRs de Área e CME no local.",Observação Direta,1
155,Maio,2025-05-22 00:00:00,Manhã,BR-316 - Em frente à Pref. Ananindeua,ANANINDEUA,Centro,SINTEPP,SDQ,SDQ,SDQ,Melhores condições de trabalho.,Reivindicações Salariais,Null,"Ato do SINTEPP, subsede Ananindeua, que ocorre de forma pacífica; os professores foram recebidos pela Sra. Kedna, responsável pelo gab. do prefeito, sem sucesso; 01 VTR GCM no local; sem obstrução de via; reunião agendada para  14JUN25 às 09h, na SEMED - Ananindeua.",Observação Direta,1
156,Maio,2025-05-22 00:00:00,Manhã - Tarde,PGE (Batista Campos) e SEPLAD (Doca),BELÉM,Umarizal,SERVIDORES DA SEMAS,SDQ,SDQ,SDQ,Reestruturação e PPCR da categoria,Reivindicações Salariais,30,"Mobilização de Servidores da Gestão Ambiental – Estado de Greve pela Valorização do PCCR Ambiental; cartazes trazem mensagens em francês e inglês, indicando tentativa de internacionalização da causa; Ato iniciouu na PGE e seguiu por volta de 12h para SEPLAD Doca; manifestantes foram recebidos formalmente na SEPLAD, indicando abertura de canal institucional para diálogo; VTRs de Área e CME no local",Observação Direta,1
